職稱,姓名,到職,卸任
行政院/秘書長,呂苾籌,1928年10月31日,1932年1月17日
行政院/秘書長,鄭洪年,1932年1月18日,1932年1月30日
行政院/秘書長,曾仲鳴,1932年1月31日,1932年2月22日
行政院/秘書長,褚民誼,1932年2月23日,1935年12月12日
行政院/秘書長,翁文灝,1935年12月13日,1937年9月8日
行政院/秘書長,魏道明,1937年9月9日,1941年12月27日
行政院/秘書長,蔣廷黻,1941年7月16日,1941年12月26日
行政院/秘書長,陳儀,1941年12月27日,1942年12月7日
行政院/秘書長,張厲生,1942年12月8日,1945年6月24日
行政院/秘書長,蔣夢麟,1945年6月25日,1947年4月22日
行政院/秘書長,甘乃光,1947年4月23日,1948年5月30日
行政院/秘書長,李惟果,1948年5月31日,1948年12月21日
行政院/秘書長,端木愷,1948年12月22日,1949年3月20日
行政院/秘書長,黃少谷,1949年3月21日,1949年6月11日
行政院/秘書長,賈景德,1949年6月12日,1950年
行政院/秘書長,黃少谷,1950年3月12日,1954年5月26日
行政院/秘書長,陳慶瑜,1954年6月1日,1958年7月13日
行政院/秘書長,陳雪屏,1958年7月14日,1963年11月29日
行政院/秘書長,蔣彥士,1967年11月29日,1972年5月28日
行政院/秘書長,費驊,1972年5月29日,1976年6月9日
行政院/秘書長,張繼正,1976年5月,1978年5月
行政院/秘書長,馬紀壯,1978年5月,1978年12月
行政院/秘書長,瞿韶華,1978年12月,1984年5月
行政院/秘書長,王章清,1984年6月1日,1988年7月
行政院/秘書長,錢純,1988年7月,1989年5月
行政院/秘書長,王昭明,1989年,1993年2月25日
行政院/秘書長,李厚高,1993年2月26日,1994年12月14日
行政院/秘書長,趙守博,1993年12月14日,1997年8月31日
行政院/秘書長,張有惠,1997年9月1日,1999年1月26日
行政院/秘書長,謝深山,1999年1月27日,2000年5月19日
行政院/秘書長,魏啟林,2000年5月20日,2000年10月5日
行政院/秘書長,邱義仁,2000年10月6日,2002年1月31日
行政院/秘書長,李應元,2002年2月1日,2002年6月30日
行政院/秘書長,劉世芳,2002年7月1日,2004年5月19日
行政院/秘書長,葉國興,2004年5月20日,2005年1月31日
行政院/秘書長,李應元,2005年2月1日,2005年9月13日
行政院/秘書長,卓榮泰,2005年9月14日,2006年1月24日
行政院/秘書長,劉玉山,2006年1月25日,2007年5月20日
行政院/秘書長,陳景峻,2007年5月21日,2008年5月19日
行政院/秘書長,薛香川,2008年5月20日,2009年9月9日
行政院/秘書長,林中森,2009年9月10日,2012年2月5日
行政院/秘書長,林益世,2012年2月6日,2012年6月29日
行政院/秘書長,陳士魁,2012年7月10日,2013年2月6日
行政院/秘書長,陳威仁,2013年2月7日,2014年2月28日
行政院/秘書長,李四川,2014年3月1日,2015年1月21日
行政院/秘書長,簡太郎,2015年1月24日,2016年5月19日
行政院/秘書長,陳美伶,2016年5月20日,2017年9月7日
行政院/秘書長,卓榮泰,2017年9月8日,2018年12月28日
行政院新聞局/局長,董顯光,1947年5月,1948年12月
行政院新聞局/局長,沈昌煥,1948年12月,1949年1月
行政院新聞局/局長,吳南如,1954年1月,1956年2月
行政院新聞局/局長,沈　錡,1956年2月,1961年7月
行政院新聞局/局長,沈劍虹,1961年7月,1966年11月
行政院新聞局/局長,魏景蒙,1966年11月,1972年6月
行政院新聞局/局長,錢　復,1972年6月,1975年5月
行政院新聞局/局長,丁懋時,1975年5月,1979年1月
行政院新聞局/局長,宋楚瑜,1979年1月,1979年6月
行政院新聞局/局長,宋楚瑜,1979年6月,1984年9月
行政院新聞局/局長,張京育,1984年9月,1987年4月
行政院新聞局/局長,邵玉銘,1987年4月,1991年9月
行政院新聞局/局長,胡志強,1991年9月,1996年6月9日
行政院新聞局/局長,蘇　起,1996年6月10日,1997年5月14日
行政院新聞局/局長,李大維,1997年5月15日,1998年2月4日
行政院新聞局/局長,程建人,1998年2月5日,1999年11月29日
行政院新聞局/局長,趙　怡,1999年11月30日,2000年5月19日
行政院新聞局/局長,鍾　琴,2000年5月20日,2000年10月5日
行政院新聞局/局長,蘇正平,2000年10月6日,2002年1月31日
行政院新聞局/局長,葉國興,2002年2月1日,2003年6月30日
行政院新聞局/局長,黃輝珍,2003年7月1日,2004年5月19日
行政院新聞局/局長,陳其邁,2004年5月20日,2005年1月31日
行政院新聞局/局長,卓榮泰,2005年2月1日,2006年1月24日
行政院新聞局/局長,鄭文燦,2006年1月25日,2007年4月19日
行政院新聞局/局長,易榮宗,2007年4月20日,2007年6月10日
行政院新聞局/局長,謝志偉,2007年6月11日,2008年5月19日
行政院新聞局/局長,史亞平,2008年5月20日,2008年12月30日
行政院新聞局/局長,蘇俊賓,2008年12月31日,2010年2月23日
行政院新聞局/局長,江啟臣,2010年2月24日,2011年5月1日
行政院新聞局/局長,楊永明,2011年5月2日,2012年5月19日
行政院/發言人,胡幼偉,2012年5月20日,2012年10月6日
行政院/發言人,黃敏恭,2012年10月7日,2012年10月22日
行政院/發言人,鄭麗文,2012年10月23日,2014年2月16日
行政院/發言人,孫立群,2014年2月17日,2016年5月19日
行政院/發言人,童振源,2016年5月20日,2016年9月30日
行政院/發言人,徐國勇,2016年10月1日,2018年7月15日
行政院/發言人,谷辣斯·尤達卡,2018年7月16日,
內政部/部長,張厲生,1948年6月11日,1948年6月25日
內政部/部長,彭昭賢,1948年6月26日,1948年12月26日
內政部/部長,洪蘭友,1948年12月27日,1949年3月31日
內政部/部長,李漢魂,1949年4月1日,1950年2月5日
內政部/部長,谷正綱,1950年2月6日,1950年3月15日
內政部/部長,余井塘,1950年3月16日,1952年4月24日
內政部/部長,黃季陸,1952年4月25日,1954年5月31日
內政部/部長,王德溥,1954年6月1日,1958年3月26日
內政部/部長,田炯錦,1958年3月27日,1960年5月31日
內政部/部長,連震東,1960年6月1日,1966年6月2日
內政部/部長,徐慶鐘,1966年6月3日,1972年5月31日
內政部/部長,林金生,1972年6月1日,1976年6月10日
內政部/部長,張豐緒,1976年6月11日,1978年5月31日
內政部/部長,邱創煥,1978年6月1日,1981年12月4日
內政部/部長,林洋港,1981年12月5日,1984年5月31日
內政部/部長,吳伯雄,1984年6月1日,1988年7月25日
內政部/部長,許水德,1988年7月26日,1991年5月31日
內政部/部長,吳伯雄,1991年6月1日,1994年12月14日
內政部/部長,黃昆輝,1994年12月15日,1996年6月9日
內政部/部長,林豐正,1996年6月10日,1997年5月14日
內政部/部長,葉金鳳,1997年5月15日,1998年2月4日
內政部/部長,黃主文,1998年2月5日,2000年5月19日
內政部/部長,張博雅,2000年5月20日,2002年2月1日
內政部/部長,余政憲,2002年2月2日,2004年4月8日
內政部/部長,蘇嘉全,2004年4月9日,2006年1月24日
內政部/部長,李逸洋,2006年1月25日,2008年5月19日
內政部/部長,廖了以,2008年5月20日,2009年9月9日
內政部/部長,江宜樺,2009年9月10日,2012年2月5日
內政部/部長,李鴻源,2012年2月6日,2014年3月2日
內政部/部長,陳威仁,2014年3月3日,2016年5月19日
內政部/部長,葉俊榮,2016年5月20日,2018年7月15日
內政部/部長,徐國勇,2018年7月16日,
外交部/部長,王世傑,1948年6月1日,1948年12月26日
外交部/部長,吳鐵城,1948年12月27日,1949年3月20日
外交部/部長,傅秉常,1949年3月21日,1949年5月28日
外交部/部長,胡　適,1949年6月12日,1949年10月1日
外交部/部長,葉公超,1949年4月5日,1949年9月30日
外交部/部長,葉公超,1949年10月1日,1958年7月18日
外交部/部長,黃少谷,1958年7月19日,1960年6月12日
外交部/部長,沈昌煥,1960年6月13日,1966年5月31日
外交部/部長,魏道明,1966年6月1日,1971年3月30日
外交部/部長,周書楷,1971年3月31日,1972年5月31日
外交部/部長,沈昌煥,1972年6月1日,1978年12月20日
外交部/部長,蔣彥士,1978年12月21日,1979年12月18日
外交部/部長,朱撫松,1979年12月19日,1987年4月21日
外交部/部長,丁懋時,1987年4月22日,1988年7月19日
外交部/部長,連　戰,1988年7月20日,1990年5月31日
外交部/部長,錢　復,1990年6月1日,1996年6月9日
外交部/部長,章孝嚴,1996年6月10日,1997年10月19日
外交部/部長,胡志強,1997年10月20日,1999年11月29日
外交部/部長,程建人,1999年11月30日,2000年5月19日
外交部/部長,田弘茂,2000年5月20日,2002年1月31日
外交部/部長,簡又新,2002年2月1日,2004年4月15日
外交部/部長,陳唐山,2004年4月16日,2006年1月24日
外交部/部長,黃志芳,2006年1月25日,2008年5月5日
外交部/部長,楊子葆,2008年5月6日,2008年5月19日
外交部/部長,歐鴻鍊,2008年5月20日,2009年9月9日
外交部/部長,楊進添,2009年9月10日,2012年9月26日
外交部/部長,林永樂,2012年9月27日,2016年5月19日
外交部/部長,李大維,2016年5月20日,2018年2月25日
外交部/部長,吳釗燮,2018年2月26日,
國防部/部長,白崇禧,1946年5月23日,1948年6月2日
國防部/部長,何應欽,1948年6月3日,1948年12月23日
國防部/部長,徐永昌,1948年12月24日,1949年4月30日
國防部/部長,何應欽,1949年5月1日,1949年6月12日
國防部/部長,閻錫山,1949年6月13日,1950年1月31日
國防部/部長,顧祝同,1950年2月1日,1950年3月31日
國防部/部長,俞大維,1950年3月12日,1951年2月20日
國防部/部長,袁守謙,1950年8月25日,1951年2月28日
國防部/部長,郭寄嶠,1951年3月1日,1954年6月1日
國防部/部長,俞大維,1954年9月20日,1965年1月25日
國防部/部長,俞鴻鈞,1954年6月1日,1954年9月20日
國防部/部長,蔣經國,1965年1月25日,1969年6月30日
國防部/部長,黃　杰,1969年7月1日,1972年5月31日
國防部/部長,陳大慶,1972年6月1日,1973年7月30日
國防部/部長,高魁元,1973年7月31日,1981年11月19日
國防部/部長,宋長志,1981年12月1日,1986年6月30日
國防部/部長,汪道淵,1986年7月1日,1987年4月28日
國防部/部長,鄭為元,1987年4月29日,1989年12月4日
國防部/部長,郝柏村,1989年12月5日,1990年5月31日
國防部/部長,陳履安,1990年6月1日,1993年2月26日
國防部/部長,孫　震,1993年2月27日,1994年12月14日
國防部/部長,蔣仲苓,1994年12月15日,1999年1月31日
國防部/部長,唐　飛,1999年2月1日,2000年5月19日
國防部/部長,伍世文,2000年5月20日,2002年1月31日
國防部/部長,湯曜明,2002年2月1日,2004年5月19日
國防部/部長,李　傑,2004年5月20日,2007年5月19日
國防部/部長,李天羽,2007年5月20日,2008年2月24日
國防部/部長,蔡明憲,2008年2月25日,2008年5月19日
國防部/部長,陳肇敏,2008年5月20日,2009年9月9日
國防部/部長,高華柱,2009年9月10日,2013年7月31日
國防部/部長,楊念祖,2013年8月1日,2013年8月7日
國防部/部長,高廣圻,2013年8月6日,2013年8月7日
國防部/部長,嚴明,2013年8月8日,2015年1月29日
國防部/部長,高廣圻,2015年1月30日,2016年5月19日
國防部/部長,馮世寬,2016年5月20日,2018年2月25日
國防部/部長,嚴德發,2018年2月26日,
財政部/部長,王雲五,1948年6月1日,1948年11月14日
財政部/部長,徐　堪,1948年11月15日,1949年3月29日
財政部/部長,劉攻芸,1949年3月30日,1949年6月24日
財政部/部長,徐　堪,1949年6月25日,1949年10月3日
財政部/部長,關吉玉,1949年10月4日,1950年3月15日
財政部/部長,嚴家淦,1950年3月16日,1954年5月31日
財政部/部長,徐柏園,1954年6月1日,1958年3月25日
財政部/部長,嚴家淦,1958年3月26日,1963年12月15日
財政部/部長,陳慶瑜,1963年12月16日,1967年12月3日
財政部/部長,俞國華,1967年12月4日,1969年7月3日
財政部/部長,李國鼎,1969年7月4日,1976年6月10日
財政部/部長,費　驊,1976年6月11日,1978年5月31日
財政部/部長,張繼正,1978年6月1日,1981年11月30日
財政部/部長,徐立德,1981年12月1日,1984年5月31日
財政部/部長,陸潤康,1984年6月1日,1985年8月28日
財政部/部長,錢　純,1985年8月29日,1988年7月21日
財政部/部長,郭婉容,1988年7月22日,1990年5月31日
財政部/部長,王建煊,1990年6月1日,1992年10月22日
財政部/部長,白培英,1992年10月23日,1993年2月26日
財政部/部長,林振國,1993年2月27日,1996年6月9日
財政部/部長,邱正雄,1996年6月10日,2000年5月19日
財政部/部長,許嘉棟,2000年5月20日,2000年10月5日
財政部/部長,顏慶章,2000年10月6日,2002年1月31日
財政部/部長,李庸三,2002年2月1日,2002年12月1日
財政部/部長,林　全,2002年12月2日,2006年1月24日
財政部/部長,呂桔誠,2006年1月25日,2006年7月3日
財政部/部長,何志欽,2006年7月4日,2008年3月13日
財政部/部長,李瑞倉,2008年3月14日,2008年5月19日
財政部/部長,李述德,2008年5月20日,2012年2月5日
財政部/部長,劉憶如,2012年2月6日,2012年5月30日
財政部/部長,曾銘宗,2012年5月31日,2012年6月3日
財政部/部長,張盛和,2012年6月4日,2016年5月19日
財政部/部長,許虞哲,2016年5月20日,2018年7月15日
財政部/部長,蘇建榮,2018年7月16日,
教育部/部長,朱家驊,1948年6月1日,1948年12月22日
教育部/部長,陳雪屏,1948年12月30日,1949年4月6日
教育部/部長,杭立武,1949年4月7日,1950年3月15日
教育部/部長,程天放,1950年3月16日,1954年5月31日
教育部/部長,張其昀,1954年6月1日,1958年7月18日
教育部/部長,梅貽琦,1958年7月19日,1961年2月28日
教育部/部長,黃季陸,1961年3月1日,1965年1月24日
教育部/部長,閻振興,1965年1月25日,1969年6月30日
教育部/部長,鍾皎光,1969年7月1日,1971年4月15日
教育部/部長,羅雲平,1971年4月16日,1972年5月31日
教育部/部長,蔣彥士,1972年6月1日,1977年4月24日
教育部/部長,李元簇,1977年4月25日,1978年5月31日
教育部/部長,朱匯森,1978年6月1日,1984年5月31日
教育部/部長,李煥,1984年6月1日,1987年7月3日
教育部/部長,毛高文,1987年7月4日,1993年2月26日
教育部/部長,郭為藩,1993年2月27日,1996年6月9日
教育部/部長,吳京,1996年6月10日,1998年2月8日
教育部/部長,林清江,1998年2月9日,1999年6月14日
教育部/部長,楊朝祥,1999年6月15日,2000年5月19日
教育部/部長,曾志朗,2000年5月20日,2002年1月31日
教育部/部長,黃榮村,2002年2月1日,2004年5月19日
教育部/部長,杜正勝,2004年5月20日,2008年5月19日
教育部/部長,鄭瑞城,2008年5月20日,2009年9月9日
教育部/部長,吳清基,2009年9月10日,2012年2月5日
教育部/部長,蔣偉寧,2012年2月6日,2014年7月15日
教育部/部長,陳德華,2014年7月16日,2014年8月5日
教育部/部長,吳思華,2014年8月6日,2016年5月19日
教育部/部長,潘文忠,2016年5月20日,2018年4月13日
教育部/部長,姚立德,2018年4月14日,2018年4月18日
教育部/部長,吳茂昆,2018年4月19日,2018年5月28日
教育部/部長,姚立德,2018年5月29日,2018年7月15日
教育部/部長,葉俊榮,2018年7月16日,2018年12月24日
教育部/部長,姚立德,2018年12月25日,至今
法務部/部長,李元簇,1980年7月1日,1984年5月31日
法務部/部長,施啟揚,1984年6月1日,1988年7月22日
法務部/部長,蕭天讚,1988年7月23日,1989年10月6日
法務部/部長,呂有文,1989年10月7日,1989年11月26日
法務部/部長,呂有文,1989年11月27日,1993年2月26日
法務部/部長,馬英九,1993年2月27日,1996年6月9日
法務部/部長,廖正豪,1996年6月10日,1998年7月14日
法務部/部長,城仲模,1998年7月15日,1999年1月31日
法務部/部長,葉金鳳,1999年2月1日,2000年5月19日
法務部/部長,陳定南,2000年5月20日,2005年1月31日
法務部/部長,施茂林,2005年2月1日,2008年5月19日
法務部/部長,王清峰,2008年5月20日,2010年3月11日
法務部/部長,黃世銘,2010年3月12日,2010年3月21日
法務部/部長,曾勇夫,2010年3月22日,2013年9月10日
法務部/部長,陳明堂,2013年9月11日,2013年9月29日
法務部/部長,羅瑩雪,2013年9月30日,2016年5月19日
法務部/部長,邱太三,2016年5月20日,2018年7月15日
法務部/部長,蔡清祥,2018年7月16日,
經濟部/部長,陳啓天,1948年7月6日,1948年12月26日
經濟部/部長,劉維熾,1948年12月27日,1949年3月31日
經濟部/部長,孫越琦,1949年4月1日,1949年6月15日
經濟部/部長,劉航琛,1949年6月16日,1950年2月9日
經濟部/部長,嚴家淦,1950年2月10日,1950年3月15日
經濟部/部長,鄭道儒,1950年3月16日,1952年5月6日
經濟部/部長,張茲闓,1952年5月7日,1954年5月31日
經濟部/部長,尹仲容,1954年6月1日,1955年11月30日
經濟部/部長,江杓,1955年12月1日,1958年3月25日
經濟部/部長,楊繼曾,1958年3月26日,1965年1月24日
經濟部/部長,李國鼎,1965年1月25日,1969年7月3日
經濟部/部長,陶聲洋,1969年7月4日,1969年9月28日
經濟部/部長,孫運璿,1969年10月11日,1978年5月31日
經濟部/部長,張光世,1978年6月1日,1981年11月30日
經濟部/部長,趙耀東,1981年12月1日,1984年5月31日
經濟部/部長,徐立德,1984年6月1日,1985年3月19日
經濟部/部長,李達海,1985年3月20日,1988年7月21日
經濟部/部長,陳履安,1988年7月22日,1990年5月31日
經濟部/部長,蕭萬長,1990年6月1日,1993年2月26日
經濟部/部長,江丙坤,1993年2月27日,1996年6月9日
經濟部/部長,王志剛,1996年6月10日,2000年5月19日
經濟部/部長,林信義,2000年5月20日,2002年1月31日
經濟部/部長,宗才怡,2002年2月1日,2002年3月1日
經濟部/部長,林義夫,2002年3月21日,2004年5月19日
經濟部/部長,何美玥,2004年5月20日,2006年1月24日
經濟部/部長,黃營杉,2006年1月25日,2006年8月8日
經濟部/部長,陳瑞隆,2006年8月9日,2008年5月19日
經濟部/部長,尹啟銘,2008年5月20日,2009年9月9日
經濟部/部長,施顏祥,2009年9月10日,2013年2月17日
經濟部/部長,張家祝,2013年2月18日,2014年8月14日
經濟部/部長,杜紫軍,2014年8月15日,2014年12月7日
經濟部/部長,鄧振中,2014年12月8日,2016年5月19日
經濟部/部長,李世光,2016年5月20日,2017年8月14日
經濟部/部長,沈榮津,2017年8月15日,2017年9月7日
經濟部/部長,沈榮津,2017年9月8日,
交通部/部長,俞大維,1948年6月1日,1949年3月23日
交通部/部長,端木傑,1949年3月24日,1950年2月1日
交通部/部長,閻錫山,1949年12月18日,1950年1月31日
交通部/部長,陳良,1950年2月1日,1950年3月14日
交通部/部長,賀衷寒,1950年3月15日,1954年5月31日
交通部/部長,袁守謙,1954年6月1日,1960年7月22日
交通部/部長,沈怡,1960年7月23日,1967年12月10日
交通部/部長,孫運璿,1967年12月11日,1969年10月10日
交通部/部長,張繼正,1969年10月11日,1972年5月31日
交通部/部長,高玉樹,1972年6月1日,1976年6月10日
交通部/部長,林金生,1976年6月11日,1981年11月30日
交通部/部長,連戰,1981年12月1日,1987年4月22日
交通部/部長,郭南宏,1987年4月23日,1989年5月31日
交通部/部長,張建邦,1989年6月1日,1991年4月23日
交通部/部長,馬鎮方,1991年4月24日,1991年5月31日
交通部/部長,簡又新,1991年6月1日,1993年2月26日
交通部/部長,劉兆玄,1993年2月27日,1996年6月9日
交通部/部長,蔡兆陽,1996年6月10日,1998年3月31日
交通部/部長,林豐正,1998年4月1日,2000年3月26日
交通部/部長,陳世圯,2000年3月27日,2000年5月19日
交通部/部長,葉菊蘭,2000年5月20日,2002年1月31日
交通部/部長,林陵三,2002年2月1日,2006年1月24日
交通部/部長,郭瑤琪,2006年1月25日,2006年8月21日
交通部/部長,蔡堆,2006年8月22日,2008年5月19日
交通部/部長,毛治國,2008年5月20日,2013年2月17日
交通部/部長,葉匡時,2013年2月18日,2015年1月13日
交通部/部長,陳建宇,2015年1月14日,2015年1月25日
交通部/部長,陳建宇,2015年1月26日,2016年5月19日
交通部/部長,賀陳旦,2016年5月20日,2018年7月15日
交通部/部長,吳宏謀,2018年7月16日,2018年12月2日
交通部/部長,王國材,2018年12月3日,
行政院勞工委員會/主任委員,鄭水枝,1987年8月,1989年2月
行政院勞工委員會/主任委員,趙守博,1989年2月,1994年
行政院勞工委員會/主任委員,謝深山,1994年12月15日,1997年5月
行政院勞工委員會/主任委員,許介圭,1997年5月,1998年2月
行政院勞工委員會/主任委員,詹火生,1998年2月,2000年5月
行政院勞工委員會/主任委員,陳菊,2000年5月20日,2005年9月18日
行政院勞工委員會/主任委員,李應元,2005年9月19日,2007年5月19日
行政院勞工委員會/主任委員,盧天麟,2007年5月20日,2008年5月19日
行政院勞工委員會/主任委員,王如玄,2008年5月20日,2012年10月1日
行政院勞工委員會/主任委員,潘世偉,2012年10月2日,2014年2月16日
勞動部/部長,潘世偉,2014年2月17日,2014年7月29日
勞動部/部長,郝鳳鳴,2014年7月24日,2014年8月21日
勞動部/部長,陳雄文,2014年8月22日,2016年5月19日
勞動部/部長,郭芳煜,2016年5月20日,2017年2月7日
勞動部/部長,林美珠,2017年2月8日,2018年2月25日
勞動部/部長,許銘春,2018年2月26日,
行政院衛生署/署長,顏春輝,1971年3月17日,1974年6月24日
行政院衛生署/署長,王金茂,1974年6月25日,1981年5月8日
行政院衛生署/署長,許子秋,1981年5月9日,1986年1月13日
行政院衛生署/署長,施純仁,1986年1月14日,1990年6月1日
行政院衛生署/署長,張博雅,1990年6月2日,1997年8月31日
行政院衛生署/署長,詹啟賢,1997年9月1日,2000年5月19日
行政院衛生署/署長,李明亮,2000年5月20日,2002年8月31日
行政院衛生署/署長,涂醒哲,2002年9月1日,2002年12月30日
行政院衛生署/署長,涂醒哲,2002年12月31日,2003年5月17日
行政院衛生署/署長,陳建仁,2003年5月18日,2005年1月31日
行政院衛生署/署長,王秀紅,2005年2月1日,2005年2月16日
行政院衛生署/署長,侯勝茂,2005年2月17日,2008年5月19日
行政院衛生署/署長,林芳郁,2008年5月20日,2008年9月24日
行政院衛生署/署長,宋晏仁,2008年9月25日,2008年9月25日
行政院衛生署/署長,葉金川,2008年9月26日,2009年8月5日
行政院衛生署/署長,楊志良,2009年8月6日,2011年2月8日
行政院衛生署/署長,邱文達,2011年2月9日,2013年7月22日
衛生福利部/部長,邱文達,2013年7月23日,2014年10月2日
衛生福利部/部長,林奏延,2014年10月3日,2014年10月21日
衛生福利部/部長,蔣丙煌,2014年10月22日,2016年5月19日
衛生福利部/部長,林奏延,2016年5月20日,2017年2月7日
衛生福利部/部長,陳時中,2017年2月8日,
行政院國家科學委員會/主任委員,吳大猷,1967年8月,1973年6月
行政院國家科學委員會/主任委員,徐賢修,1973年6月,1981年3月
行政院國家科學委員會/主任委員,張明哲,1981年3月,1984年5月31日
行政院國家科學委員會/主任委員,陳履安,1984年6月1日,1988年7月21日
行政院國家科學委員會/主任委員,夏漢民,1988年7月22日,1993年2月26日
行政院國家科學委員會/主任委員,郭南宏,1993年2月27日,1996年6月9日
行政院國家科學委員會/主任委員,劉兆玄,1996年6月10日,1998年2月4日
行政院國家科學委員會/主任委員,黃鎮台,1998年2月5日,2000年5月19日
行政院國家科學委員會/主任委員,翁政義,2000年5月20日,2001年3月6日
行政院國家科學委員會/主任委員,魏哲和,2001年3月7日,2004年5月19日
行政院國家科學委員會/主任委員,吳茂昆,2004年5月20日,2006年1月24日
行政院國家科學委員會/主任委員,陳建仁,2006年1月25日,2008年5月19日
行政院國家科學委員會/主任委員,李羅權,2008年5月20日,2012年2月5日
行政院國家科學委員會/主任委員,朱敬一,2012年2月6日,2014年3月3日
科技部/部長,張善政,2014年3月3日,2014年12月7日
科技部/部長,林一平,2014年12月8日,2015年1月25日
科技部/部長,徐爵民,2015年1月26日,2016年5月19日
科技部/部長,楊弘敦,2016年5月20日,2017年2月7日
科技部/部長,陳良基,2017年2月8日,
行政院美援運用委員會/主任委員,翁文灝,1948年6月4日,1948年11月25日
行政院美援運用委員會/主任委員,孫科,1948年11月26日,1949年3月11日
行政院美援運用委員會/主任委員,何應欽,1949年3月12日,1949年6月11日
行政院美援運用委員會/主任委員,閻錫山,1949年6月12日,1950年3月14日
行政院美援運用委員會/主任委員,陳誠,1950年3月15日,1954年5月31日
行政院美援運用委員會/主任委員,俞鴻鈞,1954年6月1日,1957年8月21日
行政院美援運用委員會/主任委員,嚴家淦,1957年8月22日,1958年7月14日
行政院美援運用委員會/主任委員,陳誠,1958年7月15日,1963年9月
行政院國際經濟合作發展委員會/主任委員,陳誠,1963年9月,1963年12月20日
行政院國際經濟合作發展委員會/主任委員,嚴家淦,1963年12月21日,1969年8月3日
行政院國際經濟合作發展委員會/主任委員,蔣經國,1969年8月4日,1973年8月1日
行政院經濟設計委員會/主任委員,張繼正,1973年8月1日,1976年6月10日
行政院經濟設計委員會/主任委員,楊家麟,1976年6月11日,1977年12月1日
行政院經濟建設委員會/主任委員,俞國華,1977年12月1日,1984年5月31日
行政院經濟建設委員會/主任委員,趙耀東,1984年6月1日,1988年7月21日
行政院經濟建設委員會/主任委員,錢復,1988年7月22日,1990年5月31日
行政院經濟建設委員會/主任委員,郭婉容,1990年6月1日,1993年2月26日
行政院經濟建設委員會/主任委員,蕭萬長,1993年2月27日,1994年12月14日
行政院經濟建設委員會/主任委員,徐立德,1994年12月15日,1996年6月9日
行政院經濟建設委員會/主任委員,江丙坤,1996年6月10日,2000年5月19日
行政院經濟建設委員會/主任委員,陳博志,2000年5月20日,2002年1月31日
行政院經濟建設委員會/主任委員,林信義,2002年2月1日,2004年5月19日
行政院經濟建設委員會/主任委員,胡勝正,2004年5月20日,2007年5月20日
行政院經濟建設委員會/主任委員,何美玥,2007年5月21日,2008年5月19日
行政院經濟建設委員會/主任委員,陳添枝,2008年5月20日,2009年9月9日
行政院經濟建設委員會/主任委員,蔡勳雄,2009年9月10日,2010年5月18日
行政院經濟建設委員會/主任委員,劉憶如,2010年5月19日,2012年2月5日
行政院經濟建設委員會/主任委員,尹啟銘,2012年2月6日,2013年2月17日
行政院經濟建設委員會/主任委員,管中閔,2013年2月18日,2014年1月21日
行政院研究發展考核委員會/主任委員,陳雪屏,1969年3月,1972年6月
行政院研究發展考核委員會/主任委員,楊家麟,1972年6月,1976年6月
行政院研究發展考核委員會/主任委員,郭澄,1976年6月,1976年9月
行政院研究發展考核委員會/主任委員,魏鏞,1976年9月,1988年7月
行政院研究發展考核委員會/主任委員,馬英九,1988年7月,1991年6月
行政院研究發展考核委員會/主任委員,孫得雄,1991年6月,1994年12月
行政院研究發展考核委員會/主任委員,王仁宏,1994年12月,1996年6月
行政院研究發展考核委員會/主任委員,黃大洲,1996年6月,1997年9月
行政院研究發展考核委員會/主任委員,楊朝祥,1997年9月,1999年6月
行政院研究發展考核委員會/主任委員,魏啟林,1999年6月,2000年5月
行政院研究發展考核委員會/主任委員,林嘉誠,2000年5月,2004年5月
行政院研究發展考核委員會/主任委員,葉俊榮,2004年5月,2006年4月
行政院研究發展考核委員會/主任委員,施能傑,2006年5月1日,2006年8月7日
行政院研究發展考核委員會/主任委員,施能傑,2006年8月,2008年5月
行政院研究發展考核委員會/主任委員,江宜樺,2008年5月,2009年9月
行政院研究發展考核委員會/主任委員,宋餘俠,2009年9月10日,2009年9月29日
行政院研究發展考核委員會/主任委員,朱景鵬,2009年9月,2012年7月
行政院研究發展考核委員會/主任委員,宋餘俠,2012年7月,2014年1月
國家發展委員會/主任委員,管中閔,2014年1月22日,2015年2月3日
國家發展委員會/主任委員,杜紫軍,2015年2月4日,2016年1月31日
國家發展委員會/主任委員,林祖嘉,2016年2月1日,2016年5月19日
國家發展委員會/主任委員,陳添枝,2016年5月20日,2017年9月7日
國家發展委員會/主任委員,陳美伶,2017年9月8日,
中國農村復興聯合委員會/主任委員,蔣夢麟,1948年10月,1964年6月
中國農村復興聯合委員會/主任委員,沈宗瀚,1964年8月,1973年5月
中國農村復興聯合委員會/主任委員,李崇道,1973年5月,1979年3月
行政院農業發展委員會/主任委員,李崇道,1979年3月,1981年8月
行政院農業發展委員會/主任委員,張憲秋,1981年8月,1984年6月
行政院農業發展委員會/主任委員,王友釗,1984年6月,1984年9月
行政院農業委員會/主任委員,王友釗,1984年9月,1988年7月
行政院農業委員會/主任委員,余玉賢,1988年7月,1992年11月
行政院農業委員會/主任委員,孫明賢,1992年11月,1996年6月
行政院農業委員會/主任委員,邱茂英,1996年6月,1997年5月
行政院農業委員會/主任委員,彭作奎,1997年5月,1999年12月
行政院農業委員會/主任委員,林享能,1999年12月,2000年5月
行政院農業委員會/主任委員,陳希煌,2000年5月,2002年1月
行政院農業委員會/主任委員,范振宗,2002年2月,2002年12月
行政院農業委員會/主任委員,李金龍,2002年12月,2006年1月24日
行政院農業委員會/主任委員,蘇嘉全,2006年1月25日,2008年5月19日
行政院農業委員會/主任委員,陳武雄,2008年5月20日,2012年2月5日
行政院農業委員會/主任委員,陳保基,2012年2月6日,2016年1月31日
行政院農業委員會/主任委員,陳志清,2016年2月1日,2016年5月19日
行政院農業委員會/主任委員,曹啟鴻,2016年5月20日,2017年2月7日
行政院農業委員會/主任委員,林聰賢,2017年2月8日,2018年12月2日
行政院農業委員會/主任委員,陳吉仲,2018年12月3日,
行政院大陸委員會/主任委員,施啟揚,1991年2月7日,1991年5月31日
行政院大陸委員會/主任委員,黃昆輝,1991年6月1日,1994年12月14日
行政院大陸委員會/主任委員,蕭萬長,1994年12月15日,1995年12月3日
行政院大陸委員會/主任委員,高孔廉,1995年12月4日,1996年2月27日
行政院大陸委員會/主任委員,張京育,1996年2月28日,1999年1月31日
行政院大陸委員會/主任委員,蘇起,1999年2月1日,2000年5月19日
行政院大陸委員會/主任委員,蔡英文,2000年5月20日,2004年5月19日
行政院大陸委員會/主任委員,吳釗燮,2004年5月20日,2007年4月11日
行政院大陸委員會/主任委員,陳明通,2007年4月12日,2008年5月19日
行政院大陸委員會/主任委員,賴幸媛,2008年5月20日,2012年10月1日
行政院大陸委員會/主任委員,王郁琦,2012年10月2日,2015年2月16日
行政院大陸委員會/主任委員,夏立言,2015年2月17日,2016年5月19日
行政院大陸委員會/主任委員,張小月,2016年5月20日,2018年2月25日
行政院大陸委員會/主任委員,林正義,2018年2月26日,2018年3月18日
行政院大陸委員會/主任委員,陳明通,2018年3月19日,
蒙藏委員會/委員長,閻錫山,1928年12月27日,1930年4月5日
蒙藏委員會/委員長,馬福祥,1930年9月8日,1931年12月29日
蒙藏委員會/委員長,石青陽,1931年12月30日,1935年3月14日
蒙藏委員會/委員長,黃慕松,1935年3月15日,1936年7月28日
蒙藏委員會/委員長,林雲陔,1936年7月29日,1936年8月7日
蒙藏委員會/委員長,吳忠信,1936年8月8日,1944年12月5日
蒙藏委員會/委員長,羅良鑒,1944年12月6日,1947年4月22日
蒙藏委員會/委員長,許世英,1947年4月23日,1948年11月25日
蒙藏委員會/委員長,白雲梯,1948年11月26日,1949年6月5日
蒙藏委員會/委員長,關吉玉,1949年6月6日,1949年11月22日
蒙藏委員會/委員長,周昆田,1949年11月23日,1950年3月9日
蒙藏委員會/委員長,余井塘,1950年3月10日,1951年2月21日
蒙藏委員會/委員長,田炯錦,1951年2月22日,1954年5月24日
蒙藏委員會/委員長,劉廉克,1954年5月25日,1958年7月13日
蒙藏委員會/委員長,李永新,1958年7月14日,1960年5月29日
蒙藏委員會/委員長,田炯錦,1960年5月30日,1963年12月13日
蒙藏委員會/委員長,郭寄嶠,1963年12月14日,1972年5月28日
蒙藏委員會/委員長,崔垂言,1972年5月29日,1981年11月
蒙藏委員會/委員長,薛人仰,1981年11月,1984年5月
蒙藏委員會/委員長,董樹藩,1984年5月,1986年3月
蒙藏委員會/委員長,吳化鵬,1986年4月,1993年2月26日
蒙藏委員會/委員長,張駿逸,1993年2月27日,1994年12月14日
蒙藏委員會/委員長,李厚高,1994年12月15日,1997年8月31日
蒙藏委員會/委員長,高孔廉,1997年9月1日,2000年5月19日
蒙藏委員會/委員長,徐正光,2000年5月20日,2002年1月31日
蒙藏委員會/委員長,許志雄,2002年2月1日,2008年5月19日
蒙藏委員會/委員長,高思博,2008年5月20日,2011年2月8日
蒙藏委員會/委員長,羅瑩雪,2011年2月9日,2013年9月29日
蒙藏委員會/委員長,陳明仁,2013年9月30日,2013年11月5日
蒙藏委員會/委員長,蔡玉玲,2013年11月6日,2016年5月19日
蒙藏委員會/委員長,林美珠,2016年5月20日,2017年2月7日
蒙藏委員會/委員長,許璋瑤,2017年2月8日,2017年9月15日
金融監督管理委員會/主任委員,龔照勝,2004年7月1日,2006年5月11日
金融監督管理委員會/主任委員,呂東英,2006年5月12日,2006年8月3日
金融監督管理委員會/主任委員,施俊吉,2006年8月4日,2007年1月24日
金融監督管理委員會/主任委員,胡勝正,2007年1月25日,2008年6月30日
金融監督管理委員會/主任委員,陳樹,2008年7月1日,2008年11月30日
金融監督管理委員會/主任委員,陳冲,2008年12月1日,2010年5月16日
金融監督管理委員會/主任委員,陳裕璋,2010年5月17日,2013年7月28日
金融監督管理委員會/主任委員,曾銘宗,2013年7月29日,2016年1月31日
金融監督管理委員會/主任委員,王儷玲,2016年2月1日,2016年5月19日
金融監督管理委員會/主任委員,丁克華,2016年5月20日,2016年10月3日
金融監督管理委員會/主任委員,黃天牧,2016年10月4日,2016年10月19日
金融監督管理委員會/主任委員,李瑞倉,2016年10月20日,2017年9月7日
金融監督管理委員會/主任委員,顧立雄,2017年9月8日,
僑務委員會/委員長,陳樹人,1932年4月27日,1947年4月30日
僑務委員會/委員長,劉維熾,1947年5月1日,1948年12月27日
僑務委員會/委員長,戴愧生,1948年12月28日,1950年5月18日
僑務委員會/委員長,葉公超,1950年5月19日,1952年4月15日
僑務委員會/委員長,鄭彥棻,1952年4月16日,1958年7月15日
僑務委員會/委員長,陳清文,1958年7月16日,1960年6月23日
僑務委員會/委員長,周書楷,1960年6月24日,1962年12月2日
僑務委員會/委員長,高信,1962年12月3日,1972年5月31日
僑務委員會/委員長,毛松年,1972年6月1日,1984年5月31日
僑務委員會/委員長,曾廣順,1984年6月1日,1993年2月26日
僑務委員會/委員長,蔣孝嚴,1993年2月27日,1996年6月9日
僑務委員會/委員長,祝基瀅,1996年6月10日,1998年2月4日
僑務委員會/委員長,焦仁和,1998年2月5日,2000年5月19日
僑務委員會/委員長,張富美,2000年5月20日,2008年5月19日
僑務委員會/委員長,吳英毅,2008年5月20日,2013年7月31日
僑務委員會/委員長,陳士魁,2013年8月1日,2016年5月19日
僑務委員會/委員長,吳新興,2016年5月20日,
行政院環境保護署/署長,簡又新,1987年8月22日,1991年5月31日
行政院環境保護署/署長,趙少康,1991年6月1日,1992年11月14日
行政院環境保護署/署長,陳龍吉,1992年11月15日,1992年11月20日
行政院環境保護署/署長,張隆盛,1992年11月21日,1996年6月9日
行政院環境保護署/署長,蔡勳雄,1996年6月10日,2000年5月19日
行政院環境保護署/署長,林俊義,2000年5月20日,2001年3月6日
行政院環境保護署/署長,郝龍斌,2001年3月7日,2003年10月5日
行政院環境保護署/署長,張祖恩,2003年10月6日,2005年4月24日
行政院環境保護署/署長,蔡丁貴,2005年4月25日,2005年6月7日
行政院環境保護署/署長,張國龍,2005年6月8日,2007年5月19日
行政院環境保護署/署長,陳重信,2007年5月20日,2008年5月19日
行政院環境保護署/署長,沈世宏,2008年5月20日,2014年3月2日
行政院環境保護署/署長,魏國彥,2014年3月3日,2016年5月19日
行政院環境保護署/署長,李應元,2016年5月20日,2018年12月2日
行政院環境保護署/署長,蔡鴻德,2018年12月3日,
行政院海岸巡防署/署長,姚高橋,,1999年11月29日
行政院海岸巡防署/署長,王郡,,1999年11月29日
行政院海岸巡防署/署長,許惠祐,,1999年11月29日
行政院海岸巡防署/署長,王進旺,,1999年11月29日
行政院海岸巡防署/署長,王崇儀,,1999年11月29日
行政院海岸巡防署/署長,李仲威,,
行政院國軍退除役官兵就業輔導委員會/主任委員,嚴家淦,1954年11月1日,1956年4月24日
行政院國軍退除役官兵就業輔導委員會/主任委員,蔣經國,1956年4月25日,1964年6月30日
行政院國軍退除役官兵就業輔導委員會/主任委員,趙聚鈺,1964年7月1日,1966年
行政院國軍退除役官兵輔導委員會/主任委員,趙聚鈺,1966年,1981年6月7日
行政院國軍退除役官兵輔導委員會/主任委員,鄭為元,1981年6月18日,1987年4月28日
行政院國軍退除役官兵輔導委員會/主任委員,張國英,1987年4月29日,1987年11月17日
行政院國軍退除役官兵輔導委員會/主任委員,許歷農,1987年11月18日,1993年2月26日
行政院國軍退除役官兵輔導委員會/主任委員,周世斌,1993年2月27日,1994年12月14日
行政院國軍退除役官兵輔導委員會/主任委員,楊亭雲,1994年12月15日,1999年1月31日
行政院國軍退除役官兵輔導委員會/主任委員,李楨林,1999年2月1日,2000年5月19日
行政院國軍退除役官兵輔導委員會/主任委員,楊德智,2000年5月20日,2003年2月5日
行政院國軍退除役官兵輔導委員會/主任委員,鄧祖琳,2003年2月6日,2004年5月19日
行政院國軍退除役官兵輔導委員會/主任委員,高華柱,2004年5月20日,2007年1月31日
行政院國軍退除役官兵輔導委員會/主任委員,胡鎮埔,2007年2月1日,2008年5月19日
行政院國軍退除役官兵輔導委員會/主任委員,高華柱,2008年5月20日,2009年9月9日
行政院國軍退除役官兵輔導委員會/主任委員,曾金陵,2009年9月10日,2013年7月31日
行政院國軍退除役官兵輔導委員會/主任委員,董翔龍,2013年8月1日,2013年10月31日
國軍退除役官兵輔導委員會/主任委員,董翔龍,2013年11月1日,2016年5月19日
國軍退除役官兵輔導委員會/主任委員,李翔宙,2016年5月20日,2018年2月25日
國軍退除役官兵輔導委員會/主任委員,邱國正,2018年2月26日,
行政院原住民委員會/主任委員,華加志,1996年6月1日,2000年5月19日
行政院原住民委員會/主任委員,"尤哈尼·伊斯卡卡夫特(Yohani Isqaqavut)",2000年5月20日,2002年2月1日
行政院原住民族委員會/主任委員,陳建年,2002年2月1日,2005年3月9日
行政院原住民族委員會/主任委員,"瓦歷斯·貝林(Walis Perin)",2005年3月10日,2007年5月20日
行政院原住民族委員會/主任委員,"夷將·拔路兒(Icyang Parod)",2007年5月21日,2008年5月19日
行政院原住民族委員會/主任委員,章仁香,2008年5月20日,2009年9月9日
行政院原住民族委員會/主任委員,"孫大川(Paelabang Danapan)",2009年9月10日,2013年7月31日
行政院原住民族委員會/主任委員,"林江義(Mayaw Dongi)",2013年8月1日,2014年3月25日
原住民族委員會/主任委員,"林江義(Mayaw Dongi)",2014年3月26日,2016年5月19日
原住民族委員會/主任委員,"夷將·拔路兒(Icyang Parod)",2016年5月20日,
行政院客家委員會/主任委員,范光群,2001年6月14日,2002年1月31日
行政院客家委員會/主任委員,葉菊蘭,2002年2月1日,2004年5月19日
行政院客家委員會/主任委員,羅文嘉,2004年5月20日,2005年3月14日
行政院客家委員會/主任委員,李永得,2005年3月15日,2005年6月19日
行政院客家委員會/主任委員,李永得,2005年6月20日,2008年5月19日
行政院客家委員會/主任委員,黃玉振,2008年5月20日,2011年12月31日
客家委員會/主任委員,黃玉振,2012年1月1日,2014年7月7日
客家委員會/主任委員,劉慶中,2014年7月8日,2014年8月4日
客家委員會/主任委員,劉慶中,2014年8月5日,2016年1月31日
客家委員會/主任委員,鍾萬梅,2016年2月1日,2016年5月19日
客家委員會/主任委員,李永得,2016年5月20日,
行政院公共工程委員會/主任委員,陳豫,1995年7月20日,1996年6月7日
行政院公共工程委員會/主任委員,歐晉德,1996年6月8日,1998年12月24日
行政院公共工程委員會/主任委員,李建中,1998年12月25日,1999年1月26日
行政院公共工程委員會/主任委員,蔡兆陽,1999年1月27日,2000年5月19日
行政院公共工程委員會/主任委員,林能白,2000年5月20日,2002年1月31日
行政院公共工程委員會/主任委員,郭瑤琪,2002年2月1日,2006年1月24日
行政院公共工程委員會/主任委員,吳澤成,2006年1月25日,2008年5月19日
行政院公共工程委員會/主任委員,范良銹,2008年5月20日,2011年3月31日
行政院公共工程委員會/主任委員,李鴻源,2011年4月1日,2012年2月4日
行政院公共工程委員會/主任委員,陳振川,2012年2月5日,2013年7月31日
行政院公共工程委員會/主任委員,顏久榮,2013年8月1日,2013年10月23日
行政院公共工程委員會/主任委員,陳希舜,2013年10月24日,2014年4月29日
行政院公共工程委員會/主任委員,顏久榮,2014年4月30日,2014年6月30日
行政院公共工程委員會/主任委員,許俊逸,2014年7月1日,2016年5月19日
行政院公共工程委員會/主任委員,吳宏謀,2016年5月20日,2017年11月22日
行政院公共工程委員會/主任委員,吳澤成,2017年11月23日,
中央銀行/總裁,宋子文,1928年2月1932年2月,1931年12月1933年4月
中央銀行/總裁,孔祥熙,1933年4月,1945年7月
中央銀行/總裁,俞鴻鈞,1945年7月,1946年2月
中央銀行/總裁,貝祖貽,1946年3月,1947年2月
中央銀行/總裁,張嘉璈,1947年3月,1948年5月
中央銀行/總裁,俞鴻鈞,1948年5月,1949年1月
中央銀行/總裁,劉攻芸,1949年1月,1949年6月
中央銀行/總裁,徐堪,1949年6月,1949年10月
中央銀行/總裁,俞鴻鈞,1950年1月,1960年6月1日
中央銀行/總裁,徐柏園,1960年7月,1969年6月
中央銀行/總裁,俞國華,1969年6月,1984年5月
中央銀行/總裁,張繼正,1984年5月,1989年6月
中央銀行/總裁,謝森中,1989年6月1日,1994年5月31日
中央銀行/總裁,梁國樹,1994年6月1日,1995年3月19日
中央銀行/總裁,許遠東,1995年3月20日,1998年2月16日
中央銀行/總裁,彭淮南,1998年2月25日,2018年2月25日
中央銀行/總裁,楊金龍,2018年2月26日,
國民政府主計處/主計長,陳其采,1931年4月,1946年10月
國民政府主計處/主計長,徐堪,1946年10月,1948年5月
主計部/主計長,徐堪,1948年5月,1948年11月
主計部/主計長,龐松舟,1948年11月,1949年3月
行政院主計處/主計長,龐松舟,1949年3月,1949年12月
行政院主計處/主計長,王燿,1949年12月,1950年3月
行政院主計處/主計長,陳良,1950年3月,1950年8月
行政院主計處/主計長,龐松舟,1950年8月,1958年7月
行政院主計處/主計長,陳慶瑜,1958年7月,1963年3月
行政院主計處/主計長,張導民,1963年3月,1969年1月
行政院主計處/主計長,周宏濤,1969年1月,1978年6月
行政院主計處/主計長,鍾時益,1978年6月,1987年1月11日
行政院主計處/主計長,于建民,1987年1月12日,1993年2月26日
行政院主計處/主計長,汪錕,1993年2月27日,1996年6月9日
行政院主計處/主計長,韋端,1996年6月10日,2000年5月19日
行政院主計處/主計長,林全,2000年5月20日,2002年12月1日
行政院主計處/主計長,劉三錡,2002年12月2日,2004年5月19日
行政院主計處/主計長,許璋瑤,2004年5月20日,2008年5月19日
行政院主計處/主計長,石素梅,2008年5月20日,2012年2月5日
行政院主計總處/主計長,石素梅,2012年2月6日,2016年5月19日
行政院主計總處/主計長,朱澤民,2016年5月20日,
行政院人事行政局//局長,王正誼,1967年9月16日,1972年5月31日
行政院人事行政局//局長,陳桂華,1972年6月1日,1984年9月19日
行政院人事行政局//局長,卜達海,1984年9月20日,1993年2月26日
行政院人事行政局//局長,陳庚金,1993年2月27日,1997年8月31日
行政院人事行政局//局長,魏啟林,1997年9月1日,1999年6月14日
行政院人事行政局//局長,張哲琛,1999年6月15日,2000年5月19日
行政院人事行政局//局長,朱武獻,2000年5月20日,2002年1月31日
行政院人事行政局//局長,李逸洋,2002年2月1日,2005年1月31日
行政院人事行政局//局長,張俊彥,2005年2月1日,2006年1月24日
行政院人事行政局//局長,周弘憲,2006年1月25日,2008年5月19日
行政院人事行政局//局長,陳清秀,2008年5月20日,2009年9月9日
行政院人事行政局//局長,吳泰成,2009年9月10日,2012年2月5日
行政院人事行政總處/人事長,吳泰成,2012年2月6日,2012年3月27日
行政院人事行政總處/人事長,黃富源,2012年3月28日,2016年5月19日
行政院人事行政總處/人事長,施能傑,2016年5月20日,
國立故宮博物院/院長,李煜瀛,1925年9月29日,1926年3月18日
國立故宮博物院/院長,盧永祥,1926年3月,1926年7月
國立故宮博物院/院長,杜錫珪,1926年7月,1926年9月間
國立故宮博物院/院長,王士珍,1927年10月,1928年6月20日
國立故宮博物院/院長,易培基,1928年6月21日,1933年10月
國立故宮博物院/院長,馬衡,1933年7月,1934年5月7日
國立故宮博物院/院長,馬衡,1933年10月,1949年8月
國立故宮博物院/院長,傅斯年,1933年4月,1934年7月
國立故宮博物院/院長,李濟,1934年7月,1949年
國立故宮博物院/院長,杭立武,1949年9月,1956年6月
國立故宮博物院/院長,孔德成,1956年7月,1964年4月
國立故宮博物院/院長,何聯窐,1964年5月,1965年8月
行政院原子能委員會/主任委員,張其昀,1955年6月2日,1958年7月
行政院原子能委員會/主任委員,梅貽琦,1958年7月,1962年5月19日
行政院原子能委員會/主任委員,李熙謀,1962年6月7日,1963年2月27日
行政院原子能委員會/主任委員,黃季陸,1963年2月28日,1966年4月19日
行政院原子能委員會/主任委員,閻振興,1966年4月20日,1971年12月5日
行政院原子能委員會/主任委員,錢思亮,1971年12月6日,1981年7月9日
行政院原子能委員會/主任委員,閻振興,1981年7月10日,1990年6月1日
行政院原子能委員會/主任委員,許翼雲,1990年6月2日,1996年6月9日
行政院原子能委員會/主任委員,胡錦標,1996年6月10日,2000年5月19日
行政院原子能委員會/主任委員,夏德鈺,2000年5月20日,2001年3月6日
行政院原子能委員會/主任委員,胡錦標,2001年3月7日,2002年1月31日
行政院原子能委員會/主任委員,歐陽敏盛,2002年2月1日,2007年5月20日
行政院原子能委員會/主任委員,蘇獻章,2007年5月21日,2008年5月19日
行政院原子能委員會/主任委員,蔡春鴻,2008年5月20日,2016年1月31日
行政院原子能委員會/主任委員,周源卿,2016年2月1日,2016年5月19日
行政院原子能委員會/主任委員,謝曉星,2016年5月20日,
中央選舉委員會/主任委員,賴浩敏,2009年11月4日,2010年10月12日
中央選舉委員會/主任委員,劉義周,2010年10月13日,2010年11月14日
中央選舉委員會/主任委員,張博雅,2010年11月15日,2013年11月3日
中央選舉委員會/主任委員,林慈玲,2013年11月4日,2013年12月3日
中央選舉委員會/主任委員,張博雅,2013年12月4日,2014年7月31日
中央選舉委員會/主任委員,劉義周,2014年8月1日,2015年1月28日
中央選舉委員會/主任委員,劉義周,2015年1月29日,2017年11月3日
中央選舉委員會/主任委員,林慈玲,2017年11月4日,2017年11月20日
中央選舉委員會/主任委員,陳英鈐,2017年11月21日,2018年12月2日
中央選舉委員會/主任委員,陳朝建,2018年12月3日,
公平交易委員會/主任委員,王志剛,1992年1月27日,1995年1月26日
公平交易委員會/主任委員,王志剛,1995年1月27日,1996年6月9日
公平交易委員會/主任委員,趙揚清,1996年6月10日,1998年1月26日
公平交易委員會/主任委員,趙揚清,1998年1月27日,2001年1月26日
公平交易委員會/主任委員,黃宗樂,2001年1月27日,2004年1月26日
公平交易委員會/主任委員,黃宗樂,2004年1月27日,2007年1月26日
公平交易委員會/主任委員,余朝權,2007年1月27日,2007年1月31日
公平交易委員會/主任委員,湯金全,2007年2月1日,2009年7月31日
公平交易委員會/主任委員,吳秀明,2009年8月1日,2010年1月31日
公平交易委員會/主任委員,吳秀明,2010年2月1日,2013年1月31日
公平交易委員會/主任委員,吳秀明,2013年2月1日,2017年1月31日
公平交易委員會/主任委員,黃美瑛,2017年2月1日,
國家通訊傳播委員會/主任委員,蘇永欽,2006年2月22日,2008年7月31日
國家通訊傳播委員會/主任委員,彭芸,2008年8月1日,2010年7月31日
國家通訊傳播委員會/主任委員,蘇蘅,2010年8月1日,2012年7月31日
國家通訊傳播委員會/主任委員,石世豪,2012年8月1日,2016年7月31日
國家通訊傳播委員會/主任委員,詹婷怡,2016年8月1日,2020年7月31日
行政院/副院長,顧孟餘,1948年5月31日,1948年6月21日
行政院/副院長,張厲生,1948年6月22日,1948年12月22日
行政院/副院長,吳鐵城,1948年12月23日,1949年3月23日
行政院/副院長,賈景德,1949年3月24日,1949年6月12日
行政院/副院長,朱家驊,1949年6月13日,1950年3月14日
行政院/副院長,張厲生,1950年3月15日,1954年5月31日
行政院/副院長,黃少谷,1954年6月1日,1958年7月14日
行政院/副院長,王雲五,1958年7月15日,1963年12月15日
行政院/副院長,余井塘,1963年12月16日,1966年5月31日
行政院/副院長,黃少谷,1966年6月1日,1969年6月30日
行政院/副院長,蔣經國,1969年7月1日,1972年5月31日
行政院/副院長,徐慶鐘,1972年6月1日,1978年5月31日
行政院/副院長,徐慶鐘,1978年6月1日,1981年11月30日
行政院/副院長,邱創煥,1981年12月1日,1984年5月31日
行政院/副院長,林洋港,1984年6月1日,1987年4月30日
行政院/副院長,連戰,1987年5月1日,1988年7月21日
行政院/副院長,施啟揚,1988年7月22日,1989年5月31日
行政院/副院長,施啟揚,1989年6月1日,1990年5月31日
行政院/副院長,施啟揚,1990年6月1日,1993年2月26日
行政院/副院長,徐立德,1993年2月27日,1996年2月27日
行政院/副院長,徐立德,1996年2月28日,1997年8月31日
行政院/副院長,章孝嚴,1997年9月1日,1997年12月10日
行政院/副院長,劉兆玄,1997年12月11日,1999年1月26日
行政院/副院長,劉兆玄,1999年1月27日,2000年5月19日
行政院/副院長,游錫堃,2000年5月20日,2000年7月31日
行政院/副院長,張俊雄,2000年8月1日,2000年10月5日
行政院/副院長,賴英照,2000年10月6日,2002年1月31日
行政院/副院長,林信義,2002年2月1日,2004年5月19日
行政院/副院長,葉菊蘭,2004年5月20日,2005年1月31日
行政院/副院長,吳榮義,2005年2月1日,2006年1月24日
行政院/副院長,蔡英文,2006年1月25日,2007年5月20日
行政院/副院長,邱義仁,2007年5月21日,2008年5月5日
行政院/副院長,張俊雄,2008年5月6日,2008年5月19日
行政院/副院長,邱正雄,2008年5月20日,2009年9月9日
行政院/副院長,朱立倫,2009年9月10日,2010年5月16日
行政院/副院長,陳冲,2010年5月17日,2012年2月5日
行政院/副院長,江宜樺,2012年2月6日,2013年2月17日
行政院/副院長,毛治國,2013年2月18日,2014年12月7日
行政院/副院長,張善政,2014年12月8日,2016年1月31日
行政院/副院長,杜紫軍,2016年2月1日,2016年5月19日
行政院/副院長,林錫耀,2016年5月20日,2017年9月7日
行政院/副院長,施俊吉,2017年9月8日,
